250002535995	LUCAS PAVANATO	DF	3038438	pavanato2211
250002536384	EDUARDA CAMPOPIANO	DE	1956238	eduarda_campopiano
250002539612	ERIKA HILTON	DF	1596472	hilton_erika
250002536851	EDUARDO SUPLICY	DE	654627	eduardosuplicy
250002539604	SÂMIA BOMFIM	DF	583107	samiabomfim
250002546642	KIM KATAGUIRI	DF	520071	kimkataguiri
250002539435	TABATA AMARAL	DF	476383	tabataamaralsp
250002538926	SOFIA FAVERO	DE	407773	sofia.favero
250002535947	RENATO BOLSONARO	DF	379312	renatobolsonaro
250002539947	CARLOS GIANNAZI	DE	367861	carlosgiannazioficial
250002532342	SARGENTO NANTES	DF	333401	sargentonantes
250002539952	PAULA DA BANCADA FEMINISTA	DE	326190	bancadafeministapsol
250002544357	DELEGADO PALUMBO	DF	303271	delegadopalumbo
250002539620	GUILHERME CORTEZ	DF	275450	guilhermecortez_
250002532379	MAURICIO NEVES	DF	269996	mauricioneves_oficial
250002535980	MARCIO ALVINO	DF	261325	marcioalvino
250002539622	PROFESSORA LUCIENE CAVALCANTE	DF	253778	proflucienecavalcante
250002544330	ANA CAROLINA OLIVEIRA	DF	246741	anacarolinaoliveira_oficial
250002533647	BALEIA ROSSI	DF	239124	baleia.rossi
250002536388	GIOVANNI SANCHES	DE	235363	giovanisanchesp
250002536727	LUNA ZARATTINI	DF	233733	lunazarattini
250002530115	MARINA HELENA	DF	230866	marinahelenabr
250002545156	ROGERIO LINS	DE	229928	rogeriolinsoficial
250002544341	DELEGADO BRUNO LIMA	DF	217952	del.brunolima
250002535972	ROSANA VALLE	DF	213752	rosanavalleoficial
250002544340	RENATA ABREU	DF	199100	renataabreu.2020
250002536395	TENENTE COIMBRA	DE	198342	tenente_coimbra
250002537942	MARCOS PEREIRA	DF	196681	marcospereira1010
250002535958	LUIZ PHILIPPE DE O E BRAGANÇA	DF	187743	lpbragancabr
250002545037	RAFA MINATO	DE	185582	rafaminatosp
250002533740	DANILO JOAN	DE	182839	danilojoan
250002537979	GUILHERME PIAI	DF	182328	guilhermepiai
250002539713	IGOR SOARES	DF	181820	igorsoares_sp
250002536353	THOMAZ HENRIQUE	DE	178164	vereadorthomazsjc
250002538904	EDIANE MARIA	DE	170844	edianemariamtst
250002539934	LUIZA ERUNDINA	DE	169567	luizaerundina
250002541120	PAULO ALEXANDRE BARBOSA	DF	168207	pauloalexandrebarbosa
250002533776	DELEGADO OLIM	DE	163918	delegado_olim
250002544326	FELIPE BECARI	DF	162957	felipebecari
250002536361	RODRIGO ASHIUCHI	DE	162562	rodrigoashiuchi
250002535986	THIAGO SURFISTA	DF	161971	thiagosurfista_
250002536736	ALENCAR SANTANA	DF	160264	alencarbraga13
250002538918	MONICA DAS PRETAS	DE	159100	monicaseixas
250002534232	ITAMAR BORGES	DE	159058	itamar.borges
250002541870	BRUNA FURLAN	DE	157381	depbrunafurlan
250002536406	MARCOS DAMASIO	DE	156691	marcosdamasiosp
250002536358	DANI ALONSO	DE	155574	danialonsooficial
250002534251	REGINA NUNES	DE	154966	reginacarnovalenunes
250002536833	DUDA HIDALGO	DE	154953	dudahidalgo13
250002535954	CAPITÃO AUGUSTO	DF	153745	capitaoaugustooficial
250002536757	JILMAR TATTO	DF	152984	jilmartatto
250002533778	SARGENTO CASTRO	DE	143422	sargentocastrooficial
250002536260	PROFESSORA BEBEL	DE	142001	professorabebel
250002536407	CONTE LOPES	DE	139225	capitaocontelopes
250002537969	CELSO RUSSOMANNO	DF	138827	celsorussomanno
250002536413	FELIPE SERTANEJO	DE	138277	sertanejoufc
250002540880	ROGERIO NOGUEIRA	DE	137335	rogerionogueira25
250002536752	THIAGO DOS REIS	DF	137240	thiagoresiste
250002533757	TELHADINHA - CAPITÃO TELHADA	DE	134006	capitaotelhada
250002548910	ANA CAROLINA SERRA	DE	132881	anacarolinaserra
250002550394	PAULO SERRA	DF	132866	pauloserra.sp
250002533664	SIDNEY CRUZ	DF	130951	sidneycruzsp
250002533624	JOÃO CURY	DF	130915	joaocurysp
250002535940	LUIZ FERNANDO MACHADO	DF	129004	luizfernandomachadooficial
250002538929	MARIANA CONTI	DE	126344	marianaconti_psol
250002536366	DELEGADA GRACIELA	DE	125624	delegadagraciela
250002545145	DR. EDSON DA PAIOL	DE	124394	dredsondapaiol
250002536719	ARLINDO CHINAGLIA	DF	124121	depchinaglia
250002536367	ALEX MADUREIRA	DE	122704	alexdemadureira
250002536841	LEONARDO GRANDINI	DE	122158	leonardo_grandini
250002535951	PASTOR MARCO FELICIANO	DF	122119	marcofeliciano
250002541861	DANILO CAMPETTI	DE	119904	danilocampettisp
250002537953	NEY SANTOS	DF	118566	neysantos_sp
250002536737	CARLOS ZARATTINI	DF	117608	depzarattini
250002540580	BARROS MUNHOZ	DE	116413	barrosmunhoz
250002536743	EDINHO SILVA	DF	115341	edinhosilvapt
250002536764	NILTO TATTO	DF	114560	niltotatto
250002539624	NATÁLIA BOULOS	DF	114552	nat.boulos
250002536722	KIKO CELEGUIM	DF	113158	kiko.celeguim
250002535968	MOTTA	DF	112854	deputadomotta
250002536734	JULIANA CARDOSO	DF	111904	julianacardoso_pt
250002536733	JOAO PAULO CUNHA	DF	109548	joaopaulocunhaoficial
250002536831	EMÍDIO	DE	108275	emidiodesouzaoficial
250002536393	PAULO MANSUR	DE	107073	paulomansuroficial
250002544355	RODRIGO GAMBALE	DF	106901	rodrigogambale
250002535965	DRA. SANDRA TADEU	DF	106471	dra.sandratadeu
250002533666	ENRICO MISASI	DF	106225	enrico.misasi
250002533758	RAFAEL SARAIVA	DE	105174	rafaelsaraivasp
250002536845	RODRIGO MAR	DE	104820	rodrigomarpt
250002532353	CORONEL TELHADA	DF	104513	coroneltelhada
250002536268	ENIO TATTO	DE	102892	deputadoeniotatto
250002534269	REINALDO ALGUZ	DE	101946	reinaldo.alguz
250002540878	MARTA COSTA	DE	100083	depmartacosta
250002539294	CAIO FRANÇA	DE	99840	caiofranca_
250002535982	PAULO FREIRE	DF	99388	deppaulofreire
250002536377	FRANCO SARDELLI	DE	98375	franco_sardelli
250002541102	MARCOS NEVES	DF	98359	marcosnevesoficial
250002533809	DOUGLAS GARCIA	DE	97410	douglasgarciasp
250002539399	JONAS DONIZETTE	DF	97335	jonasdonizette
250002536273	PAULO FIORILO	DE	96370	fiorilopaulo
250002535948	MIGUEL LOMBARDI	DF	96333	dep.miguellombardi
250002536429	DANILO BALAS	DE	96188	danilobalasoficial
250002541149	SAULO PEDROSO	DF	95096	saulopedrososp
250002536270	LUIZ FERNANDO	DE	94901	luizfernandopt13
250002539937	DÉBORA CAMILO	DE	94895	deborapsol
250002536404	LETICIA AGUIAR	DE	94832	leticiaaguiaroficial
250002536846	DONATO	DE	94779	donatopt
250002537973	ALTAIR MORAES	DF	94770	altairmoraessp
250002540562	CARLA MORANDO	DE	94596	deputadacarlamorando
250002536389	RICARDO MADALENA	DE	94319	dep.ricardomadalena
250002535955	JEFFERSON CAMPOS	DF	92286	depjefferson
250002541114	CARLOS SAMPAIO	DF	91902	depcarlossampaio
250002537943	MARIA ROSAS	DF	91690	mariarosas.oficial
250002535959	MARIO FRIAS	DF	91403	mariofriasoficial
250002545147	LEANDRO BASSON	DE	90934	leandrobassonoficial
250002535991	DELEGADO PAULO BILYNSKYJ	DF	90363	paulobilynskyj
250002540890	PARDINI	DE	89558	pardinibtu
250002541112	CARLOS BEZERRA JR.	DF	89414	carlosbezerrajr
250002536405	ROGÉRIO FRANCO	DE	89156	rogeriofranco_sp
250002540584	ANALICE FERNANDES	DE	88784	deputada.analice
250002533768	DELEGADO MESQUITA	DE	87918	delegadomesquita
250002532355	SIRLANGE MANGA	DF	87820	sirlangemanga
250002539298	VALDOMIRO LOPES	DE	86893	valdomirolopesoficial
250002540911	THAMMY MIRANDA	DE	85619	thammymiranda
250002536419	BRUNO ZAMBELLI	DE	82946	brunozambelli.sp
250002541857	ELY SANTOS	DE	82559	deputada_elysantos
250002534220	LÉO OLIVEIRA	DE	82508	leooliveiratv
250002536814	THAINARA FARIA	DE	81485	thainarafaria13
250002540875	MAURO BRAGATO	DE	79157	mauro.bragato
250002539299	MARINA BRAGANTE	DE	78957	marinabragante
250002536415	CORONEL PAGANOTTO	DE	77703	coronelpaganotto
250002533798	SOLANGE FREITAS	DE	77524	sousolangefreitas
250002536356	JOÃO PAULO	DE	76371	joaopaulodesouza.oficial
250002533748	CAMILA GODOI	DE	74733	camilagodoisp
250002534242	CARUSO	DE	74480	jorgecarusooficial
250002545172	KAKA DO AUTISMO	DE	74365	kaka_autismo
250002536240	BARBA	DE	74115	teonilio_barba
250002540897	RAFAEL SILVA JR	DE	74043	rafaelsilvajroficial
250002536352	RODRIGO MORAES	DE	73787	deputadorodrigomoraes
250002536836	RÔMULO	DE	73648	13romulofernandes
250002541864	RENATA SENE	DE	73526	renataseneoficial
250002536263	MARCOLINO	DE	72574	lcmarcolino13
250002536840	JOÃO PAULO RILLO	DE	72486	soujoaopaulorillo
250002532378	MILTON LEITE FILHO	DF	71631	familialeite.sp
250002536410	LUCAS BOVE	DE	71263	lucasbovesp
250002536344	CAPITÃO MOSART	DE	70997	capitaomosart
250002536245	ANA PERUGINI	DE	70737	anaperugini
250002530167	ADRIANA VENTURA	DF	69083	adriventurasp
250002541873	SEBASTIÃO SANTOS	DE	68118	prsebastiaosantos
250002545207	FABIO FARIA DE SÁ	DE	68055	fabiofariadesa
250002536387	LISBOA	DE	67413	lisboadeguarulhos
250002535975	EDUARDO CURY	DF	66860	eduardocuryoficial
250002535994	WESLEY CEZAR LELINHO	DF	66673	wesleycezaroficial
250002530239	HENRIQUE KRIGNER	DE	66512	krigner
250002541902	GILMACI SANTOS	DE	66474	gilmacisantos10
250002535936	GIL DINIZ	DF	63398	carteiroreaca
250002536375	ISAAC ANTUNES	DE	61953	antunes.isaac
250002536380	FABIANA BOLSONARO	DE	61183	fabianabolsonarooficial
250002536423	THIAGO AURICCHIO	DE	59942	thiagoauricchio_
250002538908	KEIT LIMA	DE	58984	keit.lima
250002534930	EDINHO ARAUJO	DF	54443	edinho.araujo
250002539593	SÔNIA GUAJAJARA	DF	54207	guajajarasonia
250002534178	ATILA JACOMUSSI	DE	54065	atilajacomussi
250002545142	RICARDO FRANÇA	DE	53644	ricardofranca.protecaoanimal
