250002536763	RUI FALCÃO	DF	106443	ruifalcao13
250002536745	PAULO TEIXEIRA	DF	106062	pauloteixeira13
250002550395	ALEX MANENTE	DF	102716	alexmanente
250002533640	ORLANDO MORANDO	DF	102086	orlandomorando
250002536753	REIS	DF	90224	reisptsp
250002536738	MOISES SELERGES	DF	89939	moisesselerges
250002545047	RENATO BATTISTA	DE	89489	renatobattistambl
250002541145	VITOR LIPPI	DF	88462	vitorlippi
250002541143	ELEUSES PAIVA	DF	88195	paivaeleuses
250002536756	ALFREDINHO	DF	82334	alfredinho.pt
250002537984	MARCO VINHOLI	DF	81445	marcovinholi
250002541146	VINICIUS MARCHESE	DF	80295	viniciusmarchese
250002536762	ZÉ DIRCEU	DF	78450	zedirceuoficial
250002536755	ORLANDO SILVA	DF	78098	orlandosilvasp
250002533638	FABIO TERUEL	DF	75251	fabioteruel
250002536761	PEDRO TOURINHO	DF	73627	tourinhopedro
250002533735	EDSON GIRIBONI	DE	73263	edsongiriboni
250002533761	ALEXANDRE LEITE	DE	72515	
250002547966	ISADORA BRIZOLA	DE	72280	isadorabrizola_
250002540909	RITA PASSOS	DE	71917	ritapassos
250002534207	PR ANDRE BUENO	DE	71664	borabuenosp
250002537968	ANDRÉ SANTOS	DF	71621	andresantosmsp
250002537970	TOME ABDUCH	DF	71534	tome_abduch
250002536758	VICENTINHO	DF	68549	vicentinho_pt
250002537976	MILTON VIEIRA	DF	68093	miltonvieiraoficial
250002544356	MARANGONI	DF	67111	marangoni.oficial
250002536861	BETH SAHAO	DE	66572	bethsahao
250002544332	ANTONIO CARLOS RODRIGUES	DF	66494	antoniocarlosrodrigues.sp
250002533750	RAFA ZIMBALDI	DE	66425	rafazimbaldi
250002541900	MARCELLO BARBOSA	DE	66112	omarcellobarbosa
250002530268	GERSON PIRES	DE	66049	gersonpires
250002536824	WILLIAN SOUZA	DE	65644	williansouzasumare
250002540931	DILADOR	DE	65589	diladoraracatuba
250002536843	LEANDRO SOARES	DE	65559	leandro_csoares26
250002533947	DR. EDUARDO NOBREGA	DE	65318	dreduardonobrega
250002540901	MARIA LÚCIA AMARY	DE	64839	marialuciaamary
250002536826	MAURICI	DE	64675	deputadomaurici
250002541851	PAULO CORREA JR	DE	64402	dep_paulocorreajr
250002544346	BRUNO GANEM	DF	64221	brunoganem.atualidades
250002532322	PASTORA SANDRA ALVES	DF	63745	vereadorasandraalves
250002541847	JORGE WILSON XERIFE CONSUMIDOR	DE	61708	chamaoxerifedoconsumidor
250002530227	CARLO CAUTI	DE	61461	carlo_cauti
250002544834	DAVID RR SOARES	DF	61366	davidbrsoares
250002540920	GOULART	DE	61348	goulart_oficial
250002541119	GUTI	DF	60938	guti_oficial
250002540589	THALES GABRIEL	DE	60619	thalesgabrielsp
250002536239	JORGE DO CARMO	DE	60607	depdrjorgedocarmo
250002535957	CEZINHA DE MADUREIRA	DF	60596	cezinhademadureira
250002541846	RUI ALVES	DE	60544	ruialves10111
250002541147	BARJAS NEGRI	DF	60101	negri.barjas
