250002535995	5212415	pavanato2211
250002536384	76050	eduarda_campopiano
250002539612	5033399	hilton_erika
250002536851	991000	eduardosuplicy
250002539604	1970917	samiabomfim
250002546642	2439918	kimkataguiri
250002539435	2162531	tabataamaralsp
250002538926	70000	sofia.favero
250002535947	437000	renatobolsonaro
250002539947	509000	carlosgiannazioficial
250002532342	1000000	sargentonantes
250002539952	187000	bancadafeministapsol
250002544357	2000000	delegadopalumbo
250002539620	557000	guilhermecortez_
250002532379	75000	mauricioneves_oficial
250002535980	83000	marcioalvino
250002539622	342000	proflucienecavalcante
250002544330	3000000	anacarolinaoliveira_oficial
250002533647	64000	baleia.rossi
250002536388	140000	giovanisanchesp
250002536727	171000	lunazarattini
250002530115	1003714	marinahelenabr
250002545156	736000	rogeriolinsoficial
250002544341	2541289	del.brunolima
250002535972	442000	rosanavalleoficial
250002544340	116000	renataabreu.2020
250002536395	250000	tenente_coimbra
250002537942	128000	marcospereira1010
250002535958	432000	lpbragancabr
250002545037	87000	rafaminatosp
250002533740	237000	danilojoan
250002537979	195000	guilhermepiai
250002539713	99600	igorsoares_sp
250002536353	166000	vereadorthomazsjc
250002538904	50110	edianemariamtst
250002539934	553000	luizaerundina
250002541120	128354	pauloalexandrebarbosa
250002533776	208000	delegado_olim
250002544326	2000000	felipebecari
250002536361	95600	rodrigoashiuchi
250002535986	50000	thiagosurfista_
250002536736	188000	alencarbraga13
250002538918	173000	monicaseixas
250002534232	76000	itamar.borges
250002541870	81000	depbrunafurlan
250002536406	13600	marcosdamasiosp
250002536358	167000	danialonsooficial
250002534251	732000	reginacarnovalenunes
250002536833	67000	dudahidalgo13
250002535954	162000	capitaoaugustooficial
250002536757	68600	jilmartatto
250002533778	2000000	sargentocastrooficial
250002536260	44000	professorabebel
250002536407	447000	capitaocontelopes
250002537969	2000000	celsorussomanno
250002536413	218074	sertanejoufc
250002540880	78000	rogerionogueira25
250002536752	593000	thiagoresiste
250002533757	739000	capitaotelhada
250002548910	44000	anacarolinaserra
250002550394	248000	pauloserra.sp
250002533664	52000	sidneycruzsp
250002533624	46000	joaocurysp
250002535940	59000	luizfernandomachadooficial
250002538929	78000	marianaconti_psol
250002536366	17000	delegadagraciela
250002545145	1000000	dredsondapaiol
250002536719	54000	depchinaglia
250002536367	147000	alexdemadureira
250002536841	169000	leonardo_grandini
250002535951	4000000	marcofeliciano
250002541861	100000	danilocampettisp
250002537953	165000	neysantos_sp
250002536737	107219	depzarattini
250002540580	16000	barrosmunhoz
250002536743	93000	edinhosilvapt
250002536764	56000	niltotatto
250002539624	208000	nat.boulos
250002536722	65000	kiko.celeguim
250002535968	10600	deputadomotta
250002536734	67882	julianacardoso_pt
250002536733	61200	joaopaulocunhaoficial
250002536831	103000	emidiodesouzaoficial
250002536393	804769	paulomansuroficial
250002544355	112000	rodrigogambale
250002535965	72000	dra.sandratadeu
250002533666	80000	enrico.misasi
250002533758	340000	rafaelsaraivasp
250002536845	4002	rodrigomarpt
250002532353	1000000	coroneltelhada
250002536268	24800	deputadoeniotatto
250002534269	13900	reinaldo.alguz
250002540878	56000	depmartacosta
250002539294	95136	caiofranca_
250002535982	28000	deppaulofreire
250002536377	15800	franco_sardelli
250002541102	29000	marcosnevesoficial
250002533809	2000000	douglasgarciasp
250002539399	52500	jonasdonizette
250002536273	33000	fiorilopaulo
250002535948	35700	dep.miguellombardi
250002536429	183000	danilobalasoficial
250002541149	48800	saulopedrososp
250002536270	82000	luizfernandopt13
250002539937	27000	deborapsol
250002536404	121000	leticiaaguiaroficial
250002536846	88100	donatopt
250002537973	982000	altairmoraessp
250002540562	50864	deputadacarlamorando
250002536389	25000	dep.ricardomadalena
250002535955	52600	depjefferson
250002541114	158020	depcarlossampaio
250002537943	59000	mariarosas.oficial
250002535959	1100000	mariofriasoficial
250002545147	669000	leandrobassonoficial
250002535991	1575477	paulobilynskyj
250002540890	28000	pardinibtu
250002541112	2000000	carlosbezerrajr
250002536405	84000	rogeriofranco_sp
250002540584	39400	deputada.analice
250002533768	554000	delegadomesquita
250002532355	55000	sirlangemanga
250002539298	26200	valdomirolopesoficial
250002540911	4000000	thammymiranda
250002536419	1000000	brunozambelli.sp
250002541857	36500	deputada_elysantos
250002534220	189000	leooliveiratv
250002536814	70000	thainarafaria13
250002540875	8095	mauro.bragato
250002539299	59000	marinabragante
250002536415	211000	coronelpaganotto
250002533798	67000	sousolangefreitas
250002536356	4382	joaopaulodesouza.oficial
250002533748	57300	camilagodoisp
250002534242	13000	jorgecarusooficial
250002545172	251000	kaka_autismo
250002536240	23100	teonilio_barba
250002540897	16300	rafaelsilvajroficial
250002536352	36000	deputadorodrigomoraes
250002536836	14700	13romulofernandes
250002541864	30900	renataseneoficial
250002536263	20000	lcmarcolino13
250002536840	98500	soujoaopaulorillo
250002532378	5509	familialeite.sp
250002536410	398000	lucasbovesp
250002536344	455000	capitaomosart
250002536245	29200	anaperugini
250002530167	238000	adriventurasp
250002541873	25200	prsebastiaosantos
250002545207	126000	fabiofariadesa
250002536387	239000	lisboadeguarulhos
250002535975	44000	eduardocuryoficial
250002535994	4102	wesleycezaroficial
250002530239	118000	krigner
250002541902	20000	gilmacisantos10
250002535936	562000	carteiroreaca
250002536375	60600	antunes.isaac
250002536380	120000	fabianabolsonarooficial
250002536423	28092	thiagoauricchio_
250002538908	2116	keit.lima
250002534930	21400	edinho.araujo
250002539593	797000	guajajarasonia
250002534178	39300	atilajacomussi
250002545142	41800	ricardofranca.protecaoanimal
