sq	nome_urna	cargo	eleito	handle_final	seguidores	confianca	fonte	obs
250002533638	FABIO TERUEL	DF	n	fabioteruel	6000000	alta	instagram.com/fabioteruel (perfil ao vivo 08/10/2026)	exibe 6M (arredondado pelo Instagram ao milhao; valor exato nao disponivel); perfil de oracoes/religioso do proprio candidato
250002532322	PASTORA SANDRA ALVES	DF	n	sandraalvesoficial	3200000	alta	instagram.com/sandraalvesoficial	handle TSE (vereadorasandraalves, 79.3K = 79300) e a conta politica secundaria e sua bio aponta para a principal verificada @sandraalvesoficial; valor grosseiro 3.2M; decidir qual conta usar na pagina
250002544341	DELEGADO BRUNO LIMA	DF	s	del.brunolima	2541289	alta	dolphinradar.com/instagram/del.brunolima	valor exato DolphinRadar de 09/10/2026; instagram.com ao vivo mostra 2.5M (verificado)
250002535991	DELEGADO PAULO BILYNSKYJ	DF	s	paulobilynskyj	1575477	alta	dolphinradar.com/instagram/paulobilynskyj	handle TSE era conta de apoio (paulobilynskyjapoio, 124K); oficial verificado; Instagram mostra 1.5M, numero exato do dolphinradar (snapshot out/2026)
250002537970	TOME ABDUCH	DF	n	tome_abduch	1000000	alta	instagram.com/tome_abduch	perfil verificado; valor muito arredondado (Instagram mostra 1M); bio ainda diz Deputado Estadual, vice-líder do Tarcísio na Alesp; lido ao vivo 08/10/2026
250002545156	ROGERIO LINS	DE	s	rogeriolinsoficial	736000	alta	instagram.com/rogeriolinsoficial (perfil ao vivo 08/10/2026)	handle TSE (rogeriolinscortes) era canal de cortes com 471 seguidores; bio dele aponta @rogeriolinsoficial; oficial exibe 736K
250002545147	LEANDRO BASSON	DE	s	leandrobassonoficial	669000	alta	instagram.com/leandrobassonoficial	perfil verificado; bio 20.000 Dep. Estadual-SP, vereador de Jundiaí; lido ao vivo 08/10/2026
250002536344	CAPITÃO MOSART	DE	s	capitaomosart	455000	alta	instagram.com/capitaomosart	perfil verificado, bio cita 22022; valor arredondado (455K)
250002544346	BRUNO GANEM	DF	n	brunoganemsp	444000	alta	instagram.com/brunoganemsp	handle TSE (brunoganem.atualidades) é conta secundária com 24 seguidores cuja bio aponta para @brunoganemsp; oficial verificado, bio Deputado Federal por SP, causa animal; lido ao vivo 08/10/2026
250002535972	ROSANA VALLE	DF	s	rosanavalleoficial	442000	alta	instagram.com/rosanavalleoficial	perfil verificado; bio dep. federal PL SP; valor arredondado (442K) em 08/10/2026
250002536745	PAULO TEIXEIRA	DF	n	pauloteixeira13	367000	alta	instagram.com/pauloteixeira13	perfil verificado; bio Deputado Federal PT-SP, ex-ministro MDA; lido ao vivo 08/10/2026
250002545172	KAKA DO AUTISMO	DE	s	kaka_autismo	251000	alta	instagram.com/kaka_autismo	verificado; bio cita 74.365 votos; valor arredondado 251K
250002536395	TENENTE COIMBRA	DE	s	tenente_coimbra	250000	alta	instagram.com/tenente_coimbra	verificado; bio cita 22444; valor arredondado 250K
250002536762	ZÉ DIRCEU	DF	n	zedirceuoficial	248000	alta	instagram.com/zedirceuoficial	bio candidato a Dep. Federal SP 1368, ex-ministro da Casa Civil; selo de verificado não confirmado; lido ao vivo 08/10/2026
250002536387	LISBOA	DE	s	lisboadeguarulhos	239000	alta	instagram.com/lisboadeguarulhos (perfil ao vivo 08/10/2026)	exibe 239K; bio Dep. Estadual eleito 67.413 votos Guarulhos
250002535957	CEZINHA DE MADUREIRA	DF	n	cezinhademadureira	196000	alta	instagram.com/cezinhademadureira	perfil verificado; bio Deputado Federal, 60.596 votos PL-SP; lido ao vivo 08/10/2026
250002537979	GUILHERME PIAI	DF	s	guilhermepiai	195000	alta	instagram.com/guilhermepiai	perfil verificado, bio cita 182.328 votos; valor arredondado (195K)
250002536429	DANILO BALAS	DE	s	danilobalasoficial	183000	alta	instagram.com/danilobalasoficial	verificado; valor arredondado 183K
250002536755	ORLANDO SILVA	DF	n	orlandosilvasp	174000	alta	instagram.com/orlandosilvasp	verificado; valor arredondado 174K
250002536358	DANI ALONSO	DE	s	danialonsooficial	167000	alta	instagram.com/danialonsooficial (perfil ao vivo 08/10/2026)	exibe 167K; bio Dep. Estadual PL SP reeleita com 155.574 votos
250002541119	GUTI	DF	n	guti_oficial	147000	alta	instagram.com/guti_oficial	perfil verificado (ex-prefeito de Guarulhos); valor arredondado (147K)
250002536388	GIOVANNI SANCHES	DE	s	giovanisanchesp	140000	alta	instagram.com/giovanisanchesp	handle TSE (giovanideputado22800) nao carrega perfil; oficial verificado listado no cadastro (otempo) e bio cita 235.363 votos; valor arredondado 140K
250002533640	ORLANDO MORANDO	DF	n	orlandomorando	133000	alta	instagram.com/orlandomorando (perfil ao vivo 08/10/2026)	exibe 133K; bio 1o suplente a Dep. Federal ex-prefeito de SBC
250002537942	MARCOS PEREIRA	DF	s	marcospereira1010	128000	alta	instagram.com/marcospereira1010 (perfil ao vivo 08/10/2026)	exibe 128K; bio Pres. Nacional Republicanos / Dep. Federal SP
250002545207	FABIO FARIA DE SÁ	DE	s	fabiofariadesa	126000	alta	instagram.com/fabiofariadesa	handle TSE (fariadesasp) e conta vazia com 0 seguidores; oficial verificado, bio cita 20.520; valor arredondado 126K
250002550395	ALEX MANENTE	DF	n	alexmanente	122000	alta	instagram.com/alexmanente	verificado; bio cita 2323; valor arredondado 122K
250002536380	FABIANA BOLSONARO	DE	s	fabianabolsonarooficial	120000	alta	instagram.com/fabianabolsonarooficial	nome do perfil Deputada Estadual PL/SP, bio dep. estadual reeleita por SP; selo de verificado não confirmado; valor arredondado (120K); lido ao vivo 08/10/2026
250002541145	VITOR LIPPI	DF	n	vitorlippi	119000	alta	instagram.com/vitorlippi	perfil verificado; bio VOTE 5501, médico, 2x prefeito de Sorocaba; lido ao vivo 08/10/2026
250002530239	HENRIQUE KRIGNER	DE	s	krigner	118000	alta	instagram.com/krigner	handle TSE quebrado (https:); oficial e @krigner, verificado, bio Deputado Estadual SP; valor arredondado (118K)
250002544340	RENATA ABREU	DF	s	renataabreu.2020	116000	alta	instagram.com/renataabreu.2020	perfil verificado; bio Deputada Federal, Presidente Nacional Podemos; lido ao vivo 08/10/2026
250002536831	EMÍDIO	DE	s	emidiodesouzaoficial	103000	alta	instagram.com/emidiodesouzaoficial	perfil verificado; bio 13131 Deputado Estadual; lido ao vivo 08/10/2026
250002539713	IGOR SOARES	DF	s	igorsoares_sp	99600	alta	instagram.com/igorsoares_sp	perfil verificado; bio dep. federal eleito PSD, Itapevi; 99.6K em 08/10/2026
250002536840	JOÃO PAULO RILLO	DE	s	soujoaopaulorillo	98500	alta	instagram.com/soujoaopaulorillo (perfil ao vivo 08/10/2026)	exibe 98.5K; bio Dep. Estadual eleito com 72.486 votos
250002536361	RODRIGO ASHIUCHI	DE	s	rodrigoashiuchi	95600	alta	instagram.com/rodrigoashiuchi	perfil verificado; bio dep. estadual eleito com 162.562 votos; lido ao vivo 08/10/2026
250002536846	DONATO	DE	s	donatopt	88100	alta	instagram.com/donatopt	perfil verificado (Antonio Donato), bio cita 13700; valor arredondado (88.1K)
250002544834	DAVID RR SOARES	DF	n	davidbrsoares	87800	alta	instagram.com/davidbrsoares (perfil ao vivo 08/10/2026)	exibe 87.8K; bio Deputado Federal por SP filho do missionario RR Soares
250002537976	MILTON VIEIRA	DF	n	miltonvieiraoficial	72600	alta	instagram.com/miltonvieiraoficial (perfil ao vivo 08/10/2026)	exibe 72.6K; bio Candidato a Deputado Federal 1055
250002536757	JILMAR TATTO	DF	s	jilmartatto	68600	alta	instagram.com/jilmartatto	perfil verificado; valor arredondado (68.6K)
250002536758	VICENTINHO	DF	n	vicentinho_pt	64600	alta	instagram.com/vicentinho_pt	verificado; 64.6K
250002544332	ANTONIO CARLOS RODRIGUES	DF	n	antoniocarlosrodrigues.sp	63900	alta	instagram.com/antoniocarlosrodrigues.sp	perfil verificado; bio dep. federal por SP, ex-ministro dos Transportes; 63.9K em 08/10/2026
250002536733	JOAO PAULO CUNHA	DF	s	joaopaulocunhaoficial	61200	alta	instagram.com/joaopaulocunhaoficial	perfil verificado; bio candidato dep. federal SP 1325; 61.2K em 08/10/2026
250002536375	ISAAC ANTUNES	DE	s	antunes.isaac	60600	alta	instagram.com/antunes.isaac	perfil verificado; bio dep. estadual eleito com 61.953 votos, Ribeirao Preto, PL; 60.6K em 08/10/2026
250002544356	MARANGONI	DF	n	marangoni.oficial	59500	alta	instagram.com/marangoni.oficial	bio confere (Dep. Federal PODEMOS/SP); valor arredondado (59.5K)
250002533748	CAMILA GODOI	DE	s	camilagodoisp	57300	alta	instagram.com/camilagodoisp	perfil verificado; bio VOTE 44123 Deputada Estadual; lido ao vivo 08/10/2026
250002541146	VINICIUS MARCHESE	DF	n	viniciusmarchese	54700	alta	instagram.com/viniciusmarchese	perfil verificado; bio so cita presidente reeleito do Confea (sem mencao a candidatura); 54.7K em 08/10/2026
250002535955	JEFFERSON CAMPOS	DF	s	depjefferson	52600	alta	instagram.com/depjefferson	perfil verificado; bio dep. federal PL; 52.6K em 08/10/2026
250002539399	JONAS DONIZETTE	DF	s	jonasdonizette	52500	alta	instagram.com/jonasdonizette	perfil verificado; bio dep. federal reeleito PSB/SP; 52.5K em 08/10/2026
250002541149	SAULO PEDROSO	DF	s	saulopedrososp	48800	alta	instagram.com/saulopedrososp (perfil ao vivo 08/10/2026)	exibe 48.8K; bio Dep. Federal PSD ex-prefeito de Atibaia
250002537984	MARCO VINHOLI	DF	n	marcovinholi	47800	alta	instagram.com/marcovinholi	bio confere (Sebrae-SP, 1o sup. dep. federal); valor arredondado (47.8K)
250002536756	ALFREDINHO	DF	n	alfredinho.pt	44600	alta	instagram.com/alfredinho.pt (perfil ao vivo 08/10/2026)	exibe 44.6K; bio Deputado Federal 1389 PT-SP
250002536763	RUI FALCÃO	DF	n	ruifalcao13	44400	alta	instagram.com/ruifalcao13	perfil verificado; nome Rui Falcao 1313, bio dep. federal PT/SP; 44.4K em 08/10/2026
250002537968	ANDRÉ SANTOS	DF	n	andresantosmsp	43100	alta	instagram.com/andresantosmsp	perfil verificado; bio agradece votos em Andre Santos 1045; 43.1K em 08/10/2026
250002545142	RICARDO FRANÇA	DE	s	ricardofranca.protecaoanimal	41800	media	instagram.com/ricardofranca.protecaoanimal	handle TSE e perfil tematico (protecao animal) do deputado, nao verificado; nao achei perfil pessoal principal; valor arredondado (41.8K)
250002540584	ANALICE FERNANDES	DE	s	deputada.analice	39400	alta	instagram.com/deputada.analice (perfil ao vivo 08/10/2026)	exibe 39.4K; bio Deputada estadual 7x
250002534178	ATILA JACOMUSSI	DE	s	atilajacomussi	39300	alta	instagram.com/atilajacomussi (perfil ao vivo 08/10/2026)	exibe 39.3K; bio com numero 25.000
250002541857	ELY SANTOS	DE	s	deputada_elysantos	36500	alta	instagram.com/deputada_elysantos	perfil verificado; bio dep. estadual SP; 36.5K em 08/10/2026
250002535948	MIGUEL LOMBARDI	DF	s	dep.miguellombardi	35700	alta	instagram.com/dep.miguellombardi	perfil verificado; bio limeirense e deputado federal; lido ao vivo 08/10/2026
250002541864	RENATA SENE	DE	s	renataseneoficial	30900	alta	instagram.com/renataseneoficial	perfil verificado; bio Deputada Estadual SP, 2x prefeita; lido ao vivo 08/10/2026
250002536761	PEDRO TOURINHO	DF	n	tourinhopedro	30200	alta	instagram.com/tourinhopedro	perfil verificado (PT Campinas); valor arredondado (30.2K)
250002536245	ANA PERUGINI	DE	s	anaperugini	29200	alta	instagram.com/anaperugini	perfil verificado; bio dep. estadual reeleita com 70.737 votos; 29.2K em 08/10/2026
250002539298	VALDOMIRO LOPES	DE	s	valdomirolopesoficial	26200	alta	instagram.com/valdomirolopesoficial	perfil verificado; valor arredondado (26.2K)
250002536738	MOISES SELERGES	DF	n	moisesselerges	25600	alta	instagram.com/moisesselerges	perfil verificado; bio ex-presidente Sind. Metalurgicos do ABC; 25.6K em 08/10/2026
250002541873	SEBASTIÃO SANTOS	DE	s	prsebastiaosantos	25200	alta	instagram.com/prsebastiaosantos	handle TSE quebrado (channel); perfil verificado, bio Deputado Estadual Sebastião Santos (Republicanos); @sebastiaosantos é homônimo (dev de jogos), não usar
250002536268	ENIO TATTO	DE	s	deputadoeniotatto	24800	alta	instagram.com/deputadoeniotatto	verificado; bio cita 102.892 votos; 24.8K
250002536753	REIS	DF	n	reisptsp	24800	alta	instagram.com/reisptsp	perfil verificado (Deputado Reis, PT); valor arredondado (24.8K)
250002536240	BARBA	DE	s	teonilio_barba	23100	alta	instagram.com/teonilio_barba (perfil ao vivo 08/10/2026)	exibe 23.1K; bio Deputado Estadual metalurgico
250002534930	EDINHO ARAUJO	DF	s	edinho.araujo	21400	alta	instagram.com/edinho.araujo	verificado; bio cita 2525; 21.4K
250002541143	ELEUSES PAIVA	DF	n	paivaeleuses	20100	alta	instagram.com/paivaeleuses	verificado; bio cita 5555; 20.1K
250002536263	MARCOLINO	DE	s	lcmarcolino13	20000	alta	instagram.com/lcmarcolino13	bio dep. estadual reeleito SP; valor arredondado 20K
250002540897	RAFAEL SILVA JR	DE	s	rafaelsilvajroficial	16300	alta	instagram.com/rafaelsilvajroficial	perfil verificado, bio eleito dep. estadual 2026; valor arredondado (16.3K)
250002536377	FRANCO SARDELLI	DE	s	franco_sardelli	15800	alta	instagram.com/franco_sardelli	perfil verificado, bio dep. estadual eleito SP; valor arredondado (15.8K)
250002536836	RÔMULO	DE	s	13romulofernandes	14700	alta	instagram.com/13romulofernandes	sem selo de verificado; bio candidato dep. estadual SP 13.789, Grande ABC; 14.7K em 08/10/2026
250002534269	REINALDO ALGUZ	DE	s	reinaldo.alguz	13900	alta	instagram.com/reinaldo.alguz (perfil ao vivo 08/10/2026)	exibe 13.9K; bio Deputado Estadual SP
250002536406	MARCOS DAMASIO	DE	s	marcosdamasiosp	13600	alta	instagram.com/marcosdamasiosp	bio dep. estadual Mogi das Cruzes; 13.6K
250002541147	BARJAS NEGRI	DF	n	negri.barjas	5886	alta	instagram.com/negri.barjas	bio ex-ministro da Saude/prefeito; numero exato; ultimos posts visiveis de jun-jul/2026
250002536239	JORGE DO CARMO	DE	n			nao_encontrado		handle TSE depdrjorgedocarmo nao carregou no Instagram (pagina vazia em 3 tentativas); buscas e variantes do handle sem resultado
