rank,nome,partido,votos,pvap,instagram,seguidores_ig,confianca
1,RENATO BATTISTA,MISSÃO,89489,"0,38",@renatobattistambl,453000,alta
2,EDSON GIRIBONI,UNIÃO,73263,"0,31",@edsongiriboni,25600,alta
3,ALEXANDRE LEITE,UNIÃO,72515,"0,31",@alexandreleite.sp,28000,alta
4,ISADORA BRIZOLA,PDT,72280,"0,31",@isadorabrizola_,258000,alta
5,RITA PASSOS,PSD,71917,"0,31",@ritapassos,26900,alta
6,PR ANDRE BUENO,MDB,71664,"0,31",@andrebuenooficial,82500,alta
7,BETH SAHAO,PT,66572,"0,29",@bethsahao,36400,alta
8,RAFA ZIMBALDI,UNIÃO,66425,"0,28",@rafazimbaldi,41500,alta
9,MARCELLO BARBOSA,REPUBLICANOS,66112,"0,28",@omarcellobarbosa,40100,alta
10,GERSON PIRES,NOVO,66049,"0,28",@gersonpires,73500,alta
11,WILLIAN SOUZA,PT,65644,"0,28",@williansouzasumare,35900,alta
12,DILADOR,PSD,65589,"0,28",@diladoraracatuba,14100,alta
13,LEANDRO SOARES,PT,65559,"0,28",@leandrosoares.sp,27000,alta
14,DR. EDUARDO NOBREGA,MDB,65318,"0,28",@dreduardonobrega,32100,alta
15,MARIA LÚCIA AMARY,PSD,64839,"0,28",@marialuciaamary,30200,alta
16,MAURICI,PT,64675,"0,28",@deputadomaurici,106000,alta
17,PAULO CORREA JR,REPUBLICANOS,64402,"0,28",@dep_paulocorreajr,52100,alta
18,JORGE WILSON XERIFE CONSUMIDOR,REPUBLICANOS,61708,"0,26",@xerifedoconsumidor,1900000,alta
19,CARLO CAUTI,NOVO,61461,"0,26",@carlo_cauti,69200,alta
20,GOULART,PSD,61348,"0,26",@goulart_oficial,16100,alta
21,THALES GABRIEL,PSD,60619,"0,26",@thalesgabrielsp,28500,alta
22,JORGE DO CARMO,PT,60607,"0,26",@depdrjorgedocarmo,,média
23,RUI ALVES,REPUBLICANOS,60544,"0,26",@ruialves10oficial,29100,alta
24,MARCOS ZERBINI,MDB,59869,"0,26",@marcos.zerbini,26800,alta
25,PAULO KOGOS,PL,59545,"0,26",@opropriokogos,113000,alta
26,FELIPE FRANCO,UNIÃO,59518,"0,26",@fefrancooficial,3900000,alta
27,JOSA,PT,59381,"0,25",@josaqueirozpt,15100,alta
28,GEORGE HATO,MDB,59377,"0,25",@georgehato15,35800,alta
29,SIMÃO PEDRO,PT,59185,"0,25",@simaopedrochiovetti,141000,alta
30,PUGINA,PL,58337,"0,25",@eupugina,79200,alta
31,DR RAFU,PP,56412,"0,24",@drrafujr,33400,alta
32,DR. ISAEL,PL,55169,"0,24",@drisaeldomingues,26000,alta
33,EDNA MACEDO,REPUBLICANOS,55086,"0,24",@ednamacedo.oficial,70700,alta
34,DANIEL SOARES,UNIÃO,53812,"0,23",@danielbrsoares,26300,alta
35,LECI BRANDÃO,PCDOB,53149,"0,23",@deputadalecibrandao,103000,alta
36,CLAU CAMARGO,PSD,53119,"0,23",@claucamargom,21400,alta
37,LUCAS FLORES,PL,52029,"0,22",@eu.lucasflores,16200,alta
38,VALERIA BOLSONARO,PL,51274,"0,22",@bolsonarovaleria,129000,alta
39,IVAN SILVA,PODE,48389,"0,21",@ivansilvavereador,20700,alta
40,MARA GABRILLI,PSD,48372,"0,21",@maragabrilli,152000,alta
41,JULINHO FUZARI,REPUBLICANOS,47626,"0,20",@julinho.fuzari,28600,alta
42,DRA. DAMARIS MOURA,PSDB,47079,"0,20",@dradamarismoura,75100,alta
43,LAZARO BARROS,REPUBLICANOS,46821,"0,20",@lazarobarrosoficial,14900,média
44,FERNANDA CURTI,PT,46626,"0,20",@fecurti13,69300,alta
45,FRAN SILVA,PODE,46367,"0,20",@fransilvasbc,28600,alta
46,DU CAZELLATO,PODE,45569,"0,20",@du.cazellato,26700,média-alta
47,ORTIZ JÚNIOR,REPUBLICANOS,45009,"0,19",@ortizjunior,59700,alta
48,SUÉLEI GONÇALVES,PL,44848,"0,19",@sueleigoncalves,11500,alta
49,SANDRA SANTANA,MDB,44406,"0,19",@spsandrasantana,31400,alta
50,ABIDAN HENRIQUE,PSB,43620,"0,19",@abidanhenrique,57000,alta
